{"links":
  [
    {"source": "Neha", "target": "Maharshi", "relationship": "Friend with", "srcType": "Person", "tgtType":"Friend", "value":1},
    {"source": "Neha", "target": "SaiSree", "relationship": "Friend with", "srcType": "Person", "tgtType":"Friend", "value":1},
    {"source": "Neha", "target": "Gowthami", "relationship": "Friend with", "srcType": "Person", "tgtType":"Friend", "value":1},
    {"source": "Zeenath", "target": "SaiSree", "relationship": "Friend with", "srcType": "Person", "tgtType":"Friend", "value":5},
    {"source": "SaiSree", "target": "Ravallika", "relationship": "Friend with", "srcType": "Person", "tgtType":"Friend", "value":1},
    {"source": "Ravallika", "target": "Tejas", "relationship": "Friend with", "srcType": "Person", "tgtType":"Friend", "value":1},
    {"source": "Sathwika", "target": "SaiSree", "relationship": "Friend with", "srcType": "Person", "tgtType":"Friend", "value":1},
    {"source": "Tejas", "target": "Karthik", "relationship": "Friend with", "srcType": "Person", "tgtType":"Friend", "value":1},
    {"source": "Karthik", "target": "Sathwika", "relationship": "Friend with", "srcType": "Person", "tgtType":"Friend", "value":1},
    {"source": "Akhila", "target": "Gowthami", "relationship": "Friend with", "srcType": "Person", "tgtType":"Friend", "value":1},
     {"source": "Gowthami", "target": "Sathwika", "relationship": "Friend with", "srcType": "Person", "tgtType":"Friend", "value":1}
  ],
"nodes":
  [
    {"id": "Neha", "group":5},
    {"id": "Maharshi", "group":5},
    {"id": "Sathwika", "group":5},
    {"id": "SaiSree", "group":5},
    {"id": "Zeenath", "group":5},
    {"id": "Ravallika", "group":5},
    {"id": "Gowthami", "group":5},
    {"id": "Tejas", "group":5},
    {"id": "Karthik", "group":5},
    {"id": "Akhila", "group":5}
  ]}
