{
	"tree" : {
		"name" : "Hominoideo",
		"type" : "type0",
		"children" : [
      	{

				"name" : "Hominidea",
				"type" : "type1",
				"children" : [
          {
						"name" : "Homininae",
            "type" : "type2",
						"children" : [
              
              {
						"name" : "Hominini",
						"type" : "type3",
						"children" : [
            
              {
						"name" : "Homo",
						"type" : "type4",
						"children" : []
              
              },              {
						"name" : "Pan",
						"type" : "type4",
						"children" : []
              
              }
            
            
            ]
              
              },     {
						"name" : "Gorillini",
						"type" : "type3",
						"children" : []
              
              }
            
            ]
					}, {
						"name" : "Ponginae",
						"type" : "type2",
						"children" : [
              
                            {
						"name" : "Pongo",
						"type" : "type3",
						"children" : []
              
              }
            
            ]
					}
				]
			}, {
				"name" : "Hylobatidae",
				"type" : "type1",
				"children" : [{
						"name" : "Hyloblates",
						"type" : "type2",
						"children" : []}
            ]
			}
		]
	}
}